partner_id,name,email,company_id,source_partner_id
11589,UTILIC ENTERPRISE DMCC,a.abouzeid@utilicenterprise.com,3,2586
11173,Intiqaal Information Technology,a.benmertah@intiqaal.com,3,3276
11159,Innovative Digital Solutions,a.fouad@ids-eg.net,3,1709
11316,NOK Technology,a.kaffas@noktechnology.com,3,1747
10897,Bitsera Solutions,a.kamal@bitsera-solutions.com,3,1731
10813,Ahmed Mohamed Khalil,a.khalil3010@gmail.com,3,1738
11044,EJAF Technology,a.rabee@ejaftech.iq,3,2417
11378,Platinum,a.salama@platinum-org.com,3,1728
11403,Prototyping Technology,a.sherby@ptec.sa,3,3292
10837,Animatrix ERP Solutions Ltd,ab@animatrixafrica.com,3,2541
11204,KerningCode Inc,ab@kerningcode.com,3,1299
10809,Agile Consulting,abdalrahman.barakat@agilemena.com,3,2521
11024,Dynamic Horizon,abo@dynamichorizon.ma,3,2803
11200,Keen360 Inc,accounting@keen360.com,3,2161
10796,ACPEC SARL,acpec.info@gmail.com,3,2684
11469,Silver Touch Technologies Canada Limited,adarsh@silvertouch.com,3,1298
11170,Intelldigit solutions,adel@idsc-sa.com,3,3254
11257,Matt O'Bell Ltd,adeniran.adekola@mattobell.net,3,4226
10938,Click Theory,admin2@clicktheory.ca,3,1316
11028,Dynapps NV,admin@dynapps.be,3,1339
11195,Kaizen,admin@kaizen-sys.com,3,1748
11214,KOLA TECHNOLOGIES LIMITED,admin@kolapro.com,3,2549
11330,Odev Solutions,admin@odevsolutions.com,3,3141
11611,Websers Technology,admin@websers.ly,3,2604
11150,Indaws Business Solutions SL,administracion@indaws.es,3,3467
11510,STONES BUSINESS GROUP,administracion@stones.solutions,3,2707
11437,Rezolv,administratie@rezolv.be,3,1130
11488,"Smart Systems, C.A.",admon@smartsystems.com.ve,3,4088
10807,Affinity Business Suite,adnan.gulzar@affinitysuite.net,3,2906
11282,MYLABS DIGITAL NET SL,adrian.bernal@mylabs.es,3,3488
11022,Drysharks Consulting and trading LTD,advisors@broadmax.com.tr,3,3663
10829,Almnhj Almtwr LItalym Company,ahammed.kabeer@unicomerp.com,3,3299
11171,Intelligent Experts Technology (IET),ahmed.elnabawy@intelligent-experts.com,3,3250
11540,Tech Land,ahmed.saleh@techlandbs.com,3,1741
10997,"Devtouch!, UAB",aidas@devtouch.lt,3,2619
11494,Softprime Consulting Pvt Ltd,ajeet@softprimeconsulting.com,3,2322
10798,"Adaptapro, EIRL",aldomengoni@gmail.com,3,3066
11349,Openforce srl,alessandrocamilli@openforce.it,3,2471
10878,AVANGUARDIA TECH,alfredo.lopez@avanguardiatech.com,3,2710
11575,Trionex Private Limited,ali.aslam@trionex.pk,3,2920
11587,Upward Technologies,allam@upward.sa,3,3262
11534,Tarabut,alzewail@yahoo.com,3,1702
11117,Guidoo SRL,am@guidoo.be,3,1119
11635,شركة بلاتينوم مايند // Platinum Mind,amateen@platinum-mind.com,3,3293
11585,UNITIVA SRL,amministrazione@unitiva.it,3,2470
11420,QWERTY Software Solutions,amora@qwerty.co.cr,3,1479
11238,Litedoo,ander@litedoo.com,3,3835
10905,Blueback B.V.,anthony@blueback-office.com,3,1520
11475,Sinfony SA,antoine.ngo@sinfony.eu,3,2629
11427,RASCO GLOBAL SOLUTIONS (PRIVATE) LIMITED,aqeel.zahid@rascogs.net,3,2909
11243,LongRange Ltd.,arafla@longrangeltd.com,3,1727
11473,Sinergi Data Totalindo,arimatea@dynamic.co.id,3,2369
10832,Alpha Solusi Teknologi,aris@alphasoft.co.id,3,2375
10786,Aardug - RMO,arjan@aardug.eu,3,2836
11235,LINKS4ENGG INDIA PRIVATE LIMITED,arung@links4engg.com,3,2237
11486,Smartstream ERP Solutions Ltd.,ashish@smartstreamerp.com,3,1321
11228,Leaders Corporate Private Limited,asif.qureshi@leaderscorp.net,3,2917
11141,IBL-Unisys,asif.siddiqui@iblgrp.com,3,2921
11518,Synavos Solutions,ask@synavos.com,3,2916
11292,Navabrind IT Solutions Pvt Ltd,avas@navabrindsol.com,3,2223
10882,Axioma IT Solutions S.R.L,axel.diaz@axiomait.com,3,874
11188,IT SYS Corporation,ayman.rawy@itsyscorp.com,3,1693
11103,Global Business Solutions,azzouny@gbs-eg.com,3,1744
10942,CLOUDSCIENCE LABS PRIVATE LIMITED,badan@cloudsciencelabs.com,3,2246
10980,Cubicsoft LLC,batdelger@cubicsoft.mn,3,2790
11300,Net Skill Group SPRL,baudouin@netskill.be,3,1129
11012,Digizilla,bd.eg@digizilla.net,3,1712
11108,GOCONNEXT Company Limited,bds@goconnext.com,3,3613
11325,OBS Solutions,belgium@obs-solutions.com,3,1349
11375,"Piensom S.A., serving clients in Belize",belize@piensom.com,3,1185
10984,CyberPublicity,bparadis@cyberpublicity.com,3,1323
10874,ATSON,bramadan@atson.tech,3,3729
11337,Odovia Integration,brieuc@odovia.com,3,1359
11480,Smarten Technologies,buddha@smarten.com.np,3,2828
10932,Centrix Plus Integrated Solution,Burhan@centrixplus.com,3,2566
10808,AGBE Technology Solutions Private Limited,business@agbeindia.com,3,2243
11131,Historia Studio,business@historia.studio,3,1303
10903,BL Consulting LTD,byordanov@bl-consulting.net,3,1266
11624,ZABYCA Asociados  / MUNDO DIGITAL SMART CLICK,bzurita@zabyca.com,3,1637
11142,ICQ24,ccesa@icq24.com,3,16
11202,KELSIN GLOBAL CONSULTING,cdelacruz@kelsinglobal.com,3,2721
11049,Elyon Solutions International Inc.,celeste@elyon-solutions.com,3,3147
11361,Ouiddoo,charline@ouiddoo.fr,3,1910
11000,Digiduu S.r.l.,chiedi@digiduu.com,3,2469
11581,UCS OneDo AB,christian.rydkvist@ucsonedo.se,3,3551
11414,QMedia IT GmbH,christoph.fischer@qmedia.at,3,1057
11047,ELITUM DEVELOP S.A.,cjrivadeneira@elitumgroup.com,3,1641
11051,E & M SISTEMAS PERU S.A.C.,comercial@eymperu.net,3,3068
11089,Firefly software consulting S.A.S,comercial@firefly-e.com,3,1452
11147,ILIOS SISTEMAS LTDA,comercial@iliossistemas.com,3,1215
11366,"Parâmetro Global – Consultadoria Informática, S.A.",comercial@parametro.global,3,3179
11632,Zue SAS,comercial@zue.com.co,3,1457
11340,OKTEO,commerce-erp@okteo.fr,3,1914
10842,apik by OCI,commercial@apik.cloud,3,1901
10904,BLOOMUP SRL,commerciale@bloomup.it,3,2475
10992,Daxin Nokaaf Consulting L.L.C,consultant@daxin-global.ae,3,3718
11456,SCORPORA TECNO APP S.L.,conta@scorpora.eu,3,3484
11094,Forgeflow Danmark ApS,contact.dk@forgeflow.com,3,1560
10797,ACTION DIGITALE,contact@actiondigitale.net,3,1920
10803,ADONZE,contact@adonze.com,3,2804
10860,Arpana Consulting,contact@arpana.io,3,3834
10876,Aunéor Conseil,contact@auneor-conseil.fr,3,1913
10896,Binteg,contact@binteg.ma,3,2802
10914,Burniaux Consulting SRL,contact@burniauxconsulting.com,3,1350
11019,Drakkar Accélérateur,contact@drakkar.io,3,1921
11027,DYNAPPS France,contact@dynapps.fr,3,1906
11055,"Enersys Co.,Ltd.",contact@enersys.co.th,3,3616
11063,ES2I CARAIBES,contact@es2icaraibes.com,3,2077
11154,Info'Lib,contact@infolib.tn,3,3658
11157,Ingenosya Business Services,contact@ingenosya.mg,3,2640
11231,Lindner Management Systems Inc.,contact@lmsi.ca,3,1306
11260,Meisour Global Solutions,contact@meisour.com,3,3436
11321,NUPROD,contact@nuprod.fr,3,1912
11324,Objects,contact@objects.ws,3,1743
11326,Obycron,contact@obycron.be,3,1348
11335,OdooTec أُودُوتِكْ,contact@odootec.com,3,3249
11356,Orbeet,contact@orbeet.io,3,1917
11462,Serpent Consulting Services Pvt. Ltd.,contact@serpentcs.com,3,2227
11548,TechUltra Solutions Pvt. Ltd.,contact@techultrasolutions.com,3,2218
11553,TeleNoc (هلكون لتقنية المعلومات),contact@telenocgroup.com,3,3251
11565,Toews Consulting Inc.,contact@toews.consulting,3,1285
11577,Trobz,contact@trobz.com,3,4187
11622,Ynov’iT Services,contact@ynovit-services.com,3,1922
10788,Abasto Software S.R.L.,contacto@abastosoftware.ar,3,885
10826,ALKU IS IN THE HOUSE,contacto@alkumx.com,3,2712
10834,Alwa Peru SA,contacto@alwaperu.pe,3,3062
10845,APPEX BOLIVIA S.R.L.,contacto@appexbo.com,3,1191
10890,BELUCKY CONSULTORÍA Y SERVICIOS INFORMÁTICOS SpA,contacto@belucky.cl,3,1411
10895,Binaural Compañía Anónima.,contacto@binauraldev.com,3,4081
10906,Blueorange Group S.R.L.,contacto@blueorange.com.ar,3,1328
10944,CM Corp,contacto@cmcorp.cl,3,1406
11137,Humanytek,contacto@humanytek.com,3,2706
10965,CONSULTORIA EN TECNOLOGIAS DE INFLEXYON,contacto@inflexyon.mx,3,2711
11179,ITBS Business Solutions,contacto@it-bs.com.ar,3,878
11201,Keep Pushing Business,contacto@kpbsolutions.io,3,1405
11218,KreiLabs SAS,contacto@kreilabs.com,3,4044
11222,Kypnet,contacto@kypnet.com,3,2086
10964,Consulnet,contacto@odoosistema.com,3,1410
11346,ONMI ENGINEERING TEAMS S.L.,contacto@onmiengineering.es,3,3477
11477,Sinova SAS,contacto@sinova.co,3,1448
11621,Yeidala,contacto@yeidala.com,3,2725
11041,Edoo.me,contato@edoo.me,3,1213
11555,TERRABIT Solutions,cozmin@terrabit.ro,3,3224
11098,GAHEOS S.A.,cris@entepri.com,3,1633
11109,GoodComex SAS,cristian.vazquez@goodcomex.com,3,872
11069,ETTA Solutions PLC,cso@odooethiopia.com,3,1883
10779,360 ERP,cvi@360erp.com,3,2835
11331,ODION GmbH,da@odion.com,3,2020
11453,Sati,dahiana.gomez@sati.com.py,3,3038
11249,ManageWall LLC,darambazar@managewall.mn,3,2791
11278,MORWI ENCODERS CONSULTING,david.melendez@morwi.mx,3,2696
10892,Beone,david@beone.be,3,1120
10963,consenso GmbH,david@consenso-solutions.ch,3,3564
11001,Digifiers,david@digifiers.be,3,1134
11232,Linescripts Softwares Pvt. Ltd.,developers@linescripts.com,3,2249
11371,PENTA LAB,dfernandez@pentalab.tech,3,1644
11226,LAYAN SOFTWARE DE MEXICO,dg@layan.mx,3,2723
11075,EvvoTech,dhruv@evvotech.in,3,2261
11169,Intéligos,diegogc@inteligos.gt,3,2082
11110,Groupe StratajM inc.,direction@stratajm.com,3,1295
11287,NAMAH SOFTECH PRIVATE LIMITED,director@namahsoftech.com,3,2240
11586,UNIVERSAL DE PRODUCTOS INTERNACIONALES S.A.,directoringenieria@universaldeproductossa.com,3,2996
11413,PUNT SISTEMES SLU,dn@puntsistemes.es,3,3468
11496,Software Buro,dominique@softwareburo.be,3,1124
11342,One Iteration for Technical and computer services,e.elhosary@one-iteration.com,3,2567
11038,Edaptec Solusi Indonesia,edaptec@gmail.com,3,2382
11079,EXO,eduardo.silva@exo.pt,3,3178
11457,SD-CORP BECKEN,eduardo@sdconsultora.com,3,2713
11272,Mizan,ehab@mizan-sa.com,3,3291
11574,Trinate Global Limited,elen.shah@trinateglobal.com,3,2538
11296,Neoteric Hub,emad@nt-hub.com,3,1740
11487,SMART SUPPORT INFORMATION TECHNOLOGY,eng.almohsen@gmail.com,3,3290
10926,Capsuite Limited,enquiry@capsuite.co,3,2198
10804,ADSI TECH,eric.carron@e-adsi.com,3,1926
11076,EXDOO TI,eric.hernandez@exdoo.mx,3,2698
11406,PSI Software,erodriguez@psibusiness.com,3,3186
11559,ThinkTech Digital Inc.,erp.sales@thethinktech.com,3,1307
10850,Apps Square,eslam.mahmoud@appssquare.com,3,3312
11084,Facilitating Solutions,esmaeldyab@fsolutions.sa,3,3289
11311,Nikkosoft,eulises.galindo@nikkosoft.net,3,4092
11138,Huroos Srl,f.ranieri@huroos.com,3,2466
11364,Palmate Technologies,fadil@palmate.sa,3,3271
11090,Flex Ops,fares.saffarini@flex-ops.com,3,2513
11598,VIPPINN,feaguirre@vippinn.com,3,887
11549,Techvaria IT Services L.L.C,feroz@techvaria.com,3,3732
11380,PlusTeam C.A.,finances@plusteam.tech,3,4091
11134,HOIS | بيت الحلول المتكاملة,fitahmohamed@gmail.com,3,3284
11101,"Gente, Procesos y Tecnología, S. A.",flavio.guzman@gptsa.tech,3,2088
11432,REDSTRIPE,fmondragon@doerpartners.com,3,2722
10967,"Contables Boyer, Leon & Asociados",francisco.boyer@contablesag.com,3,4082
10993,DCBO BVBA,frederic@dcbo.be,3,1128
10838,Apagen Solutions Pvt Ltd,gaurav.kumar@apagen.com,3,2245
11474,SINETICS,gennertc@sinetics.com.pe,3,3063
11163,INSOFT.COM PRIVATE LIMITED,george@insoft.com,3,2236
11314,Noduu,gerencia@noduu.com,3,2084
11334,ODONE. S.A.S.,gerencia@odone.com.co,3,1446
11367,Para Ti.co SAS,gerencia@parati.com.co,3,1454
11374,PETI Soluciones Productivas,gerencia@peti.com.co,3,1447
11497,SOINTEM,gestion@sointem.ec,3,1638
11262,MG INTELLIGENCE SRL,gflores@mgintelligence.com,3,884
11616,Witdata,gmesiano@witdata.com.ar,3,881
11077,EXELA TECHNOLOGIES INDIA PRIVATE LIMITED,gowrishankar.krishnamurthy@xbpasia.com,3,2262
10787,AAZ Solutions,gpotvin@aaz-solutions.com,3,1302
10776,블루스톤솔루션,grant@blue-stone.net,3,3459
11467,Sigmagency SRL,groisin@sigmagency.be,3,1122
11113,"GRUPO BIOS, C,A",Grupobiosca@gmail.com,3,4090
11353,Optesis Guinée,guinee@optesis.com,3,2159
11065,EsseTech marchio by DueEsseTi Srl,gzarbo@essetech.net,3,2473
10972,CountingInc Technologies LTD,h.ahmad@countinginc.com,3,1386
11464,SIBIC,h.lounissi@sibic.dz,3,859
11550,TechYouKnow,habuatiyyeh@uba.com.jo,3,2524
11072,EVATO BV,hallo@evato.be,3,1111
11412,PT. Xapiens Teknologi Indonesia,hana.yulianti@xapiens.id,3,2377
11091,Flow Consulting,hani.gameel@flow-consulting.io,3,1754
10795,ACIS GmbH,harald.konnerth@acis.at,3,1058
11507,Stackfee,harley.mcphee@stackfee.com,3,1322
11135,HSxTECH,harris.shaikh@gmail.com,3,2913
11394,Prodo,hasan@prodo.pk,3,2919
11256,Mast Information Technology,hassan@mast-it.com,3,1337
11281,Muscat Systems Development,hatem.alamri@msysdev.com,3,2894
10791,Abstractive BV,hello@abstractive.be,3,1116
10835,Amaroo Solutions Limited,hello@amaroosolutions.co.uk,3,3803
10916,Business Calibration Limited,hello@calibrate-erp.co.uk,3,3804
11053,Endoo,hello@endoo.be,3,1126
11093,Fogits International SARL,hello@fogits.com,3,3654
11149,Impliway,hello@impliway.com,3,2915
11328,Octupus Technologies SL,hello@octupus.es,3,3470
11359,ORIGAMIS s.r.o.,hello@origamis.cz,3,1535
11183,iterativo,hello@progressa.group,3,1567
11468,Silverdale Technology LLC,hello@silverdale.us,3,3823
11517,SustainERP BV,hello@sustainerp.com,3,1132
11579,TSC France,hello@tsc-experts.com,3,1345
11580,twio.tech AG,hello@twio.tech,3,3558
11607,WCG Technology Solutions WLL,hello@wcgtechsolutions.com,3,1081
11411,PT. UNRAVEL CONSULTING INDONESIA,hi@1ravel.com,3,2373
10981,Cudio Inc.,hi@cudio.com,3,3819
11224,Latus GmbH,hi@latus.ch,3,3563
11500,Solution Founder,hi@solutionfounder.com,3,3278
10889,BCN CONSULTORES LIMITADA,hjimenez@bcncons.com,3,1409
10881,Axcelere,hola@axcelere.com,3,1329
10885,B1P SOLUCIONES DE TI,hola@b1pro.com.mx,3,2709
11016,DOOIT SAS,hola@dooit.com.co,3,1450
11100,Garber Web Solutions SL,hola@garber.es,3,3475
11102,GiGa global,hola@gigaglobal.com.ar,3,1331
11198,Kanban Consultores,hola@kanban.uy,3,4046
11239,Lixie Studio Digital,hola@lixie.io,3,4083
11522,SYSERPTEK SOLUTIONS,hola@munin.mx,3,2704
11168,Integrated Technology Software Solution (ITSS),hr@itss-c.com,3,3257
11327,"OCTOPUS INNOVATION, SOCIEDAD ANÓNIMA",hsalazar@octopusinnovationsgt.com,3,2089
10917,Business Cloud,husam.rafid@business-cloud.co,3,2423
11390,Proactive Solutions,i.aaziz@pas-sa.com,3,3317
11409,PT. Inspirasi Cipta Teknologi,i2cstudio.id@gmail.com,3,2380
11182,ITech,ibrahim.muwafaq@i-tech-iq.com,3,2426
11402,ProSys,ibrahim.yahia@prosys-sa.com,3,3283
11554,TENDENCIA UP,igarcia@tendenciaup.com,3,2716
11064,Eska Yazılım ve Danışmanlık A.Ş.,iletisim@eskayazilim.com.tr,3,3662
11241,LOERAM SOFTWARE SOLUTIONS,iloera@loeramsoft.com,3,2726
11129,Hexcombs Consulting Inc,imran@hexcombs.com,3,1309
11372,Perfect-tech - KSA,info-ksa@perfect-tech.co,3,1695
11284,Najah Al-Mustathmr LTD Co.,info-odoo@najahalmustathmr.com,3,2429
11576,Triosoft - KSA,info.ksa@triosoft.co,3,1766
10982,"CU SOLUTION SYSTEM CO., LTD.",info.official@cu-solution.com,3,3609
10792,Accomodata BV,info@2mprove.be,3,1110
10782,3S For Smart Solutions,info@3s-eg.com,3,1737
10783,4Sight Group ltd. Cyprus,info@4sight.cy,3,1531
11633,أبا الخيل لتقنية المعلومات,info@abalkhail-odoo.com,3,3304
10789,Abdulaal IT Solutions,info@abdulaalit.com,3,1079
10799,Adevx,info@adevx.com,3,1753
10802,ADIteK Infotech Limited,info@aditekit.com,3,2542
10811,AGM Qatar,info@agmglobal.co,3,3204
10816,AITIC Alexsim,info@aitic.com.ar,3,867
10819,Albatros Education,info@albatros.ma,3,2801
10825,ALKEDOS TEKNOLOJİ A.Ş.,info@alkedos.com,3,3667
10828,Almighty Consulting Solutions Pvt. Ltd.,info@almightycs.com,3,2233
10830,Alnada Jordan Investment,info@alnada.org,3,2520
10833,Al-Taif Alteqani Company for Software Ltd.,info@altaifalteqani.com,3,2425
10836,Analyb,info@analyb.com,3,2584
10865,ASESORES Y SOLUCIONES ANFEPI,info@anfepi.com,3,2695
10839,AP Business Software,info@ap-accounting.co.za,3,3442
10841,Aphora GmbH,info@aphora.io,3,2029
10849,APPSGATE INFORMATION TECHNOLOGY L.L.C.,info@appsgate.ae,3,3723
10851,AppStream LLP,info@appstream.kz,3,2535
10793,Accounts Quality Company for Financial Consulting,info@aqksa.com,3,3272
10852,aquíH,info@aquih.com,3,2080
10853,Arabian Open Source,Info@arabianopensource.com,3,1717
10854,Araka,info@araka.io,3,3237
10855,Arche TI,info@archeti.com,3,1357
10866,"ASET TECHNOLOGY, SRL",info@asettech.com,3,1573
10868,Askteksoft,info@askteksoft.com,3,1312
10870,Assets,info@assetsgroup.org,3,1718
10871,Asta Systems Limited,info@astasys.com,3,2197
10875,AtyrauTechInvest,info@atikz.com,3,2536
10877,Autographics Co,info@autographics-inc.com,3,2522
10879,Avatud Lahendused OÜ,info@avalah.ee,3,1880
10883,Azkatech,info@azka.tech,3,2578
10884,AZOR DATA SL,info@azordata.com,3,3487
10886,Bagubits,info@bagubits.it,3,2478
10888,Bay Forward LLC,info@bayforward.com,3,3822
10907,Blue Sky Consulting Inc,info@blueskyconsulting.tech,3,1313
10912,Bsma Holding Company,info@bsma.sa,3,3282
10913,Bundo Tech,info@bundo.tech,3,2914
11639,贝思纳斯（上海）咨询管理有限公司,info@business-asia.cn,3,1428
10919,Business Horizons,info@businesshorizons.com.sa,3,3280
10922,Callista,info@callista.be,3,1344
10923,Callista Software Solutions Ltd,info@callista.bg,3,1267
10924,CandidRoot Solutions Private Limited,info@candidroot.com,3,2235
10925,Capital Cloud Trading,info@cco.om,3,2890
10956,Complete Growth IT,Info@cgc-sa.net,3,3306
10936,Ciranta IT Services Inc,info@cirantait.com,3,3827
10937,Circosoft,info@circosoft.net,3,2582
10939,Closyss Technologies LLP,info@closyss.com,3,2224
10941,Cloudmen,info@cloudmen.ae,3,3714
10954,Community of accountants,info@coa-egy.com,3,1719
10946,Codeforward,info@codeforward.nl,3,2842
10947,Codequarters,info@codequarters.com,3,3661
10948,Codes & Colors Q,info@codesncolors.com,3,3201
10951,Colibria Solution,info@colibriasolution.com,3,1317
10961,Connectic,info@connectic.io,3,1121
10977,CSS Consultores 1010 C.A.,info@consultores1010.com,3,4094
10970,CoreMind LLC,info@coremind.mn,3,2792
10974,Credobyte,info@credobyte.com,3,2585
11529,SYSTEMY AVTOMATYZATSII BIZNESU LLC,info@crmium.com,3,3697
10978,CSS Gate,info@css-gate.com,3,1707
10979,Cubes Libya,Info@cubes.ly,3,2605
10983,Cybens Technologies Inc.,info@cybens.com,3,1291
10989,Daruma IT SL,info@darumait.com,3,3482
10994,DC Engineering,info@dcsystem.it,3,2476
10996,Deep Vision,info@deepvision.uz,3,4070
10987,D4E - Digital4Efficiency Sàrl,info@digital4efficiency.ch,3,3554
11017,DO Tech,info@dotech.hu,3,2213
11018,Dow Group DMCC,info@dowgroup.com,3,3704
11021,DROPSTUDIO,info@dropstudio.us,3,2995
10999,Diamond Vision (DVIT),info@dvit.me,3,1704
11011,Digital Wave Solutions,info@dwave-s.com,3,3540
11023,DWP IT Arabia,info@dwptech.com,3,3310
11029,Dynapps SA,info@dynapps.ch,3,3553
11031,Eagle Tech Information Systems,info@eagle-tech.info,3,1726
11032,EasyBooks Iraq Ltd,info@easybooks-iq.com,3,2424
11039,Editor d.o.o.,info@editor.si,3,3433
11040,EDM – Engineering Design & Manufacturing,info@edm.com.lb,3,2579
11042,Eezee-it SA,info@eezee-it.com,3,1342
11043,Ejad Digital Solutions,info@ejad.sa,3,3314
10955,Compañía Group Solutions S.A,info@ekuasoft.com,3,1635
11046,ELIPSYS,info@elipsys.ec,3,1636
11048,Elora,Info@elora-group.com,3,1736
11050,Emipro Technologies Pvt. Ltd.,info@emiprotechnologies.com,3,2217
11052,Encode,info@encode.sa,3,3301
11080,Expedite Processing Administration Office,info@epa-ksa.com,3,3296
11058,ERGOBIT,info@ergobit.com,3,3416
11276,Mobius ERP,info@erp-mobius.com,3,3694
11062,ERP Ukraine LLC,info@erp.co.ua,3,3695
11059,ERP Happy,info@erphappy.com,3,1315
11068,E-TripleSoft,info@etriplesoft.com,3,1722
11071,EUSOL,info@eusol.net,3,2662
11073,Evolusion Tech Solution (Pvt.) Ltd.,info@evolusiontech.com,3,2918
11081,Exponent Pvt Ltd,info@exponent.mv,3,2664
11083,Eynes SRL,info@eynes.com.ar,3,886
11092,Flyt Consulting AS.,info@flytconsulting.dk,3,1556
11544,Technogeo Soft Solution Pvt. Ltd,info@geotechnosoft.com,3,2232
11118,GuruEbs Tech Consulting Pvt Ltd,info@guruebs.com,3,2253
11120,HADOOC,info@hadooc.com,3,3657
11124,Hatchyard Pvt Ltd,info@hatchyard.io,3,3522
11126,Hayat Information Technology,info@hayatinfo.com,3,1729
11128,Hermes d.o.o.,info@hbs.si,3,3432
11132,HNET,info@hnetw.com,3,2166
11133,HNG Business Solutions,info@hng-bs.com,3,1711
11139,i2T2,info@i2t2-group.com,3,1311
11146,IFE GmbH,info@ife.de,3,2017
11144,Ideal Lines Computer Systems (iLines),info@ilines.sa,3,3260
11148,Impactic OÜ,info@impactic.ee,3,1879
11152,INFINITY SERVICES,info@infinityservices.com.do,3,1572
11153,InFlow Systems,info@inflowsystems.co.uk,3,3807
11164,Inspire HUB,info@inspirehub.net,3,1735
11167,INTEGRATED PATH المسار المتكامل,info@int-path.com,3,2420
11166,Integrated InfoTech,info@inteinfotech.com,3,2891
11172,Interfaces S.A.,info@interfaces.com.py,3,3037
11174,INTI Tecnologia,info@intitecnologia.com,3,1639
11181,IT Consultancy Sàrl,info@it-c.lu,3,2627
11175,Inventions Technologies Co Ltd,info@it.co.tz,3,3600
11178,"IT as a Service Co., Ltd.",info@itaas.co.th,3,3608
11189,IT Zain,Info@itzain.com,3,1713
11634,الجريسي للخدمات الإلكترونية,info@jes.com.sa,3,3267
11196,KamahTech,info@kamahtech.com,3,1698
11197,Kanak Infosystems LLP,info@kanakinfosystems.com,3,2238
11205,KeyType Srl,info@keytype.it,3,2481
11206,Keyway Digital Labs Sdn. Bhd.,info@keyway.com.my,3,2646
11207,Kilurion B.V.,info@kilurion.com,3,2843
11209,Kıta Yazılım,info@kitayazilim.com,3,3666
11210,KJ Software,info@kjsoftware.nl,3,2841
11212,Knowledge BI,info@knowledgebi.net,3,1694
11213,Kodershop North America,info@kodershop.com,3,1308
11219,K Solutions,info@ksolutions-eg.com,3,1745
11221,Kuantiik,info@kuantiik.com,3,1284
11236,LinkSysPro,info@linksyspro.com,3,3309
11114,Grupo Madetosoft S.L.,info@madetosoft.com,3,3469
11246,Magnolia Technology Solutions,info@magnolia.co.ke,3,2539
11407,PT. Abajoo Transformasi Teknologi,info@mail.abajoo.co.id,3,2374
11248,"Malaya Tech Consulting, Inc.",info@malayatechconsulting.com.ph,3,3144
11250,manaTec GmbH,info@manatec.de,3,2018
11251,Manexware S.A.,info@manexware.com,3,1643
11252,MAPLIT - Maple Green Information Technology,info@mapl-it.com,3,3730
11253,Masa- الشركة العربية المتخصصة للإستشارات وتقنية المعلومات,info@masa.sa,3,3261
11255,Master IT,info@master.al,3,853
11258,MCEE Business Solutions US,info@mceesolutions.com,3,3940
11259,Mediod Consulting Pvt Ltd,info@mediodconsulting.com,3,2911
11261,Merit Advisory Services LLP,info@meritadvisory.so,3,3437
11267,MI ERP,info@mi-erp.app,3,1451
11263,Microdata Technology Consulting,info@microdatatc.com,3,1714
11265,Midaad Consultation,info@midaad.com,3,2516
11268,MILLORAMEX TECNOLOGIA,info@millora.com.mx,3,2701
11270,Mindphin Technologies Pvt. Ltd.,info@mindphin.com,3,2226
11273,Mizan Consultancy & training,info@mizan.com.ly,3,2607
11216,KPIS Consulting and Finance Services,info@moashirat.com,3,2427
11280,MS Technologies,Info@mstech-eg.com,3,1742
11286,Nalios Sàrl,info@nalios.ch,3,3557
11289,NAQLAH Technologies,info@naqlah.com.sa,3,3256
11290,Nated systems (Pty) Ltd,info@natedsystems.co.za,3,3443
11293,Navegasoft S.A.S,info@navegasoft.com,3,1455
11294,NavyBits,info@navybits.com,3,2581
11297,Nerosoft Solutions (Pvt) Ltd,info@nerosoftsolutions.com,3,3519
11298,NERVA,info@nerva.co,3,3285
11304,NEXA,info@nexa-solutions.com,3,1716
11313,nivels GmbH,info@nivels.ch,3,3562
11302,New Tech Software NTS,info@ntscompany.net,3,1703
11339,OERP Canada,info@oerp.ca,3,1358
11350,Openinside Co. W.L.L.,info@open-inside.com,3,1338
11351,Open Net Sàrl,info@open-net.ch,3,3556
11355,Optitoo,info@optitoo.lu,3,2628
11362,OzonLayer  (بيان النظم لتقنية المعلومات),info@ozonlayer.com,3,3298
11373,Peter Schwarz,info@peter-schwarz.it,3,2021
11376,Pitaya Tech,info@pitaya.tech,3,2085
11377,Pixora S.r.l.,info@pixora.it,3,2467
11381,Plus Tech Company,info@plustech-it.com,3,3247
11393,Pro Comrades,info@procomrades.com,3,2564
11395,Prof Business,info@prof.business,3,3253
11396,Progistack,info@progistack.com,3,1541
11397,Progsum,info@progsum.com,3,1449
11404,Proxima Solutions,info@proxima.solutions,3,2012
11405,PSDC INC.,info@psdc.com.pa,3,2994
11415,QOC Innovations,info@qocinnovations.com,3,3817
11416,QORELIS SOLUTIONS inc.,info@qorelis.com,3,1283
11418,"QubiQ 2010, S.L",info@qubiq.es,3,3465
11430,Reach Concept,info@reachconcept.com,3,3820
11472,SINAR APLIKASI JAYA LAKSANA,info@readytogo.id,3,2381
11431,Recursive Journey LTD.,info@recursivejourney.com,3,1293
11434,Re-structure Tech,info@retechjo.com,3,2515
11440,rising systems AG,info@rising-systems.de,3,2025
11441,RoayaTec,info@roayatec.com,3,1691
11443,Ruaa Alebtekar,info@ruaa-innovation.com,3,3287
11447,Sahara Solutions and Services LLC,info@saharamiddleeast.com,3,2895
11459,Self-ERP LLC,info@self-erp.com,3,3692
11542,Technical Business for Telecom & IT LLC. (Sharek),info@sharek.com.sa,3,3311
11463,Shazler IT,info@shazler.com,3,3653
11470,simpit GmbH,info@simpit.ch,3,3559
11471,Simplidoo Sàrl,info@simplidoo.ch,3,3560
11483,Smart Information Technologies Ltd Canada,info@smart-ltd.ca,3,1290
11485,SmartOdu SA,info@smartodu.com,3,2090
11489,SME Intellect Co. Ltd.,info@smeintellect.com,3,2818
11492,SoftHouse,info@softhouse.ar,3,880
11502,Something Somewhere Consulting OPC,info@somethingsomewhere.ph,3,3145
11503,Somko BV,info@somko.be,3,1340
11504,SoWhat! Studio,info@sowhat.studio,3,1123
11527,"Systems Services, Inc.",info@ssibtr.com,3,3821
11506,SSL Consulting Services Ltd,info@sslconsultingservice.com,3,2688
11508,Steigend IT Solutions,info@steigendit.com,3,2250
11509,STeSI Consulting,info@stesi.consulting,3,2465
11516,Support Source,info@supportsource.net,3,1720
11520,Synodica Solutions Pvt. Ltd.,info@synodica.com,3,2239
11521,syscoon GmbH,info@syscoon.com,3,2026
11526,Systems Codes,info@systemscodes.com,3,3297
11528,SystemWorks,info@systemworks.co.za,3,3446
11532,Talus ERP,info@taluserp.com,3,3824
11545,Technova Information Technology L.L.C,info@tech-novame.com,3,3722
11539,TechFin,info@techfin.al,3,858
11547,Tech Things Ltd,info@techthings.it,3,3689
11552,Teknosphere LLC.,info@teknosphere.com,3,3188
11388,Prisma,info@tetrapro.al,3,856
11637,مؤسسة ذهبي لتقنية المعلومات,info@thahabii.com,3,3294
11558,Thinksoft,info@thinksoft.ca,3,1297
11562,TMR COMPUTING LTD,info@tmrcomputing.com,3,3235
11566,TOOLKIT INC.,info@toolkt.com,3,3142
11567,Top Business,info@topbusiness.io,3,1699
11568,Torus,info@torus.dev,3,3040
11570,Trend SI,Info@trend-is.co,3,1730
11571,TRESCLOUD,info@trescloud.com,3,1634
11572,Tricore,info@tricore.be,3,1127
11578,True Cloud ERP (Pty) Ltd,info@truclouderp.com,3,3447
11582,UIC Group,info@uic.group,3,4071
11591,VCC International NV,info@vcc-int.com,3,1018
11593,VELFASA,info@velfasa.com,3,2087
11596,Versada UAB,info@versada.eu,3,2618
11597,"Via laurea, UAB",info@vialaurea.com,3,1900
11604,Warlock Technologies Pvt Ltd,info@warlocktechnologies.com,3,2228
11618,WORKFORCER Management W.L.L,info@workforcer.com,3,3303
11619,XETECHS S.A.,info@xetechs.com,3,2081
11620,XRA (PTY) LTD,info@xra.co.za,3,3444
11625,ZAD Solutions - KSA,info@zadsolutions.com,3,1692
11631,ZUBLIME,info@zublime.com.mx,3,2720
11584,Unimhac Software,infos@unimhac.com,3,1543
11410,PT. Sumihai Teknologi Indonesia,infosumihai@gmail.com,3,2384
11482,Smart Information Technologies Ireland,ireland@smart-ltd.co.uk,3,2456
10827,Al Majal Tech,islam@almajalbh.com,3,3270
10891,Bemade Inc.,it@bemade.org,3,1305
11626,Zebroo GmbH,it@zebroo.de,3,2027
10778,2P d.o.o.,ivan@2p.hr,3,1515
11034,Ecodica d.o.o.,ivan@ecodica.eu,3,1516
11563,To Bee srl,ivano@3d0.it,3,2483
10822,Alia ICT,j.scaria@aliaict.com,3,3269
11145,ideas Technology W.L.L,jaleel@ideasholding.com,3,1080
11450,Sapentia,jane.dyson@sapentia.co.uk,3,3801
11543,"Technodat Develop, s.r.o",jaroslav.janos@technodat.eu,3,1536
11445,"S4 Solutions, LLC",jason@sfour.io,3,3831
11603,WAO Group,jeri@waoconnect.com,3,1333
11009,Digital Outriders by Vanture ESS,jl.gonzalez@vantureess.com,3,3479
11499,"SOLUCIONES SOFTHARD, C.A.",jmancilla@solucionesofthard.com.ve,3,4089
10995,deenovum Technologies AG,jn@deenovum.com,3,2030
11338,ODOX TECNOLOGIA LTDA,joao.marius@odoxtecnologia.com.br,3,1214
10831,Alpardata S.A.S.,joaquin@alpardata.com.ar,3,870
11348,openfellas GmbH,johannes.nordhaus@openfellas.com,3,2016
11301,Newlogic Pte Ltd (Thailand),jonathan.godot@newlogic.com,3,3612
11398,PROINTEC S.A.,jrichmond@prointeccr.com,3,1475
11310,NICOLS CONSULTORES,jrm@nicols.mx,3,2705
11384,PR Computer Services Corp,jrodriguez@prcomputer.net,3,3187
11004,digisoolut gmbh,js@digisoolut.com,3,2028
11223,LANDOO Sistemas de Información S.L.,js@landoo.es,3,3473
11561,TI Recursos de Costa Rica S.A,jsolano@tirecursos.com,3,1477
10968,Coondev,julian.bocanegra@coondev.com,3,1453
10966,Consultoria Henca,juliano@consultoriahenca.com,3,1568
11307,Next Era,k.serour@nexteramea.com,3,1739
10814,AI1 | All in One Enterprise Solutions,karim@kad.is,3,2460
11389,Prixgen Tech Solutions Private Limited,karthik@prixgen.com,3,2229
11354,OPTIMYSME LIMITED,kevin.mcmenamin@optimysme.nz,3,2870
10872,ATAWAH SPC,khalid@atawah.com,3,2892
11140,IATL IntelliSoft Business Solutions Co Ltd,khalid@iatl-intellisoft.com,3,3539
11194,KAIDO IT SOLUTIONS,khalid@kaidolab.com,3,3726
11220,Ksolves IT USA Inc.,kirti.sharma@ksolves.com,3,2220
11136,Hucke Media GmbH & Co. KG,koliwer@hucke-media.de,3,2024
11283,myOdoo.pl sp. z o.o.,kontakt@myodoo.pl,3,3165
10929,Centione Arabia - عرين الحلول لتقنية نظم المعلومات,ksa@centione.com,3,3259
11097,Future Skills Foundation for Information Technology,ksb@maharat.io,3,3273
11408,PT. Aruna Dirgantara Radhika,kusuma.laura@gmail.com,3,2378
11419,QuickStart2 Srl,l.guerra@quickstart2.com,3,2472
11061,erpSOFTapp,lanre@erpsoftapp.com,3,4225
11285,Nalios Québec,leads-qc@nalios.odoo.com,3,1319
11592,VEGANET,leads.odoo@vegagroup.com.tn,3,3656
11099,Ganemo,leads@ganemo.co,3,3064
10869,ASP Global ERP Inc.,leombugua@alliedscientificpro.com,3,1310
10900,Bizzup - Gilliam Management Services & Information Systems Ltd.,lg@bizzup.app,3,2459
10815,Aider AS,livar.byberg@aider.no,3,2885
10930,Centric Belgium,luc.van.put@centric.eu,3,1133
11623,Yügo SAS,lucas@hitofusion.com,3,869
11244,LUIS GERARDO CRUZ GARCIA,luisgcruz@gmail.com,3,2708
11436,Revalue,M.atef@revaluellc.com,3,1724
11037,Eco Tech Efad,M.murshed@ecotech-efad.com,3,3300
11446,Safasha Business Solutions,m.nasir@safashasolutions.com,3,2908
11583,Ultimate Code,m.saad@ultimatecode.co,3,1725
10864,Aseel,m.samir@aseel-group.com,3,1721
10918,Business Cube,m.shahin@business-cube.sa,3,3308
11143,ICS - Globe,m.soliman@ics-globe.com,3,1715
10953,Commitment,m.swidan@commitment-solutions.com,3,1751
11119,GW DIGITAL CONSULTING GROUP,management@gwcg.co,3,2703
11096,Future Of Technology,manar.z@ft.iq,3,2419
11087,FINABLE CONSULTING PRIVATE LIMITED,manish.periwal@finableconsulting.com,3,2247
11448,Sampa Mind Com SRL,marcel.isaila@sampamind.com,3,3225
11533,TAMPA SOFTWARE DOTACIONES Y SUMINSITROS SAS,marcela.vargas@tampasoluciones.com.co,3,1456
11505,Sports Tech,marif@leejam.com.sa,3,3316
11066,E-Sustavi doo,mario@e-sustavi.hr,3,1513
11315,NOETICS,Mark@noeticerp.com,3,3836
10921,Calibre Consulting Corp.,marketing@calibreconsulting.ca,3,1314
11277,Mornix,marketing@mornix.tech,3,4084
11466,Sidoo Soluciones S.L.,marketing@sdi.es,3,3481
10952,Collapick Oy,markku.pyorala@collapick.com,3,1895
11610,Weboffice IT Service und Marketing GmbH & Co KG,martin.galler@weboffice.co.at,3,1335
11332,ODOCORE,mas@odocore.com,3,2912
11629,Zmakan Technical Solutions,mashooq@zmakan.com,3,3203
11271,MIT MUT,mauriciorodriguez@mit-mut.com,3,2699
11531,"Taliform, Inc.",may@taliform.com,3,3146
11319,Novatech Solutions S.A.,mdellano@novatech.com.ar,3,883
11295,Nelozia,mehdi.hajji@nelozia.com,3,2806
11158,INNCONSMX,mguevara@inntegra.tech,3,2719
11185,IT Podium Inc.,mihaela.olariu@itpodium.ca,3,1292
11614,WeeTic Cia. Ltda.,mj@weetic.pro,3,1642
10801,ADG - AFRICA DIGITAL GENIUS,mkone@adg.ci,3,1542
11274,ML Solutions,ml@ml-solutions.ca,3,1304
11449,Sanad,mohabahmedhamed99@gmail.com,3,1749
11493,Softobia,mohamed@softobia.com,3,1746
11312,Nioses Tech Private Limited,moses@nioses.com,3,2242
10969,CORE-BPO,mostafa.helmy@core-bpo.com,3,1732
11530,TACTECS,mostafa.nassar@tactecs-dt.com,3,1734
11208,KIT Solutions,mostafa@kitsolutions.org,3,1723
11369,PCo. Partners,moustapha.diop@pcopartners.sn,3,3417
11010,Digital Planet,mpvalencia@digitalplanethn.com,3,2167
11417,QSYS,ms@qsys-it.com,3,1706
11240,LLC TODOO,murodjon.kadirov7@gmail.com,3,4073
10785,A1 Consulting Sdn Bhd,my@a1consulting.asia,3,2644
10880,Avoin.Systems,myynti@avoin.systems,3,1894
11242,Logiciel,nacarid.silva@logiciel.com.ve,3,4087
11036,Eco Tech,nada@ecotechq8.com,3,2563
10867,"Asia Matrix Co., Ltd",nangmwekham@asiamatrixsoftware.com,3,2819
11306,Nexources,nexources@nexources.com,3,2638
11217,KreAddis,Nicolas@kreaddis.com,3,1916
10933,CHAI CONSULTING AND SOFTWARE,nicole@chaiconsultoria.com,3,1569
10960,Confianz Global Inc,niles@confianzit.com,3,3825
10846,APP Infoweb Private Limited,nimesh@exhelp.co.in,3,2258
10781,3PAR1 VENEZUELA C.A.,ninrod@3par1.com,3,4093
11122,Hash Code IT Solutions,nizar@hashcodeit.com,3,3707
11112,Grow IT,notificaciones@growit.com.do,3,1566
11160,Innovix solutions,nyeinthwe@innovix-solutions.com,3,2822
10858,"ARKISOFT Soluciones de Software C,A",oamaponte@gmail.com,3,4086
10805,Advance Insight Kenya,odoo-notifications@advanceinsight.dev,3,2537
11608,Webcircles srl,odoo.sales@webcircles.it,3,2482
10806,Advicts,odoo@advicts.com,3,2416
10857,ArkeUp eDoo,odoo@arkeup.com,3,1903
10862,Artax,odoo@artax.id,3,2376
10893,BeProject,odoo@beproject.fr,3,1918
10894,BeyonData Solutions Pvt Ltd,odoo@beyondatagroup.com,3,2252
10934,Chroma Agency,odoo@chroma.agency,3,879
10935,CIEL IT S/A,odoo@ciel-it.com,3,1354
10949,Codestorm Srl,odoo@codestorm.it,3,2480
10958,Comstar USA,odoo@comstarusa.com,3,3832
10959,CONAK TECHNOLOGY LTD,odoo@conaktechnology.com,3,2069
10975,CREVISOFT CORPORATE,odoo@crevisoft.com,3,1733
10985,Cybrosys Techno Solutions Pvt.Ltd,odoo@cybrosys.com,3,2230
11005,Digital Automations srl,odoo@digitalautomations.it,3,2479
10847,Applix,odoo@droggol.be,3,1113
11054,End Point Soft,odoo@endpointsoft.com,3,2518
11056,Eplan Consultants Ltd,odoo@eplanconsultants.com,3,1530
11067,eTECH,odoo@etechconsulting-mg.com,3,2639
10962,Connecting Dots P.C.,odoo@existanze.com,3,2074
11125,HAV Media GmbH,odoo@hav.media,3,2022
11161,Innovus Tech Consultants Limited,odoo@innovus.co.ke,3,2540
11162,Inside Informatica,odoo@insideinformatica.com.ar,3,875
11451,SARL Insidjam COM,odoo@insidjam.com,3,1327
11176,"IPGRUP INNOVATEC, S.L.",odoo@ipgrup.com,3,3472
11180,ITC Consult Ltd,odoo@itc-consult.net,3,1268
11186,Itransition Group Limited,odoo@itransition.com,3,3806
11187,IT SERVICE SAC,odoo@itservice.com.pe,3,3069
11190,iWesabe Technologies / اي ويساب للتقنيات,odoo@iwesabe.com,3,3268
11199,Kavi Software Technologies Pvt Ltd,odoo@kaviglobal.com,3,2248
11229,LEBBEL S.A. DE C.V.,odoo@lebbel.io,3,1865
11247,Majorbird 深圳丹鸟网络科技有限公司,odoo@majorbird.com,3,1430
11266,Midis RSEZ,odoo@midis.eu,3,2576
11269,MindDX Dijital Dönüşüm Teknolojileri San. Ve Tic. A.Ş.,odoo@minddx.ai,3,3668
11299,Netframe,odoo@netframe.org,3,3696
11318,Notus IT d.o.o.,odoo@notus.hr,3,1514
11320,NumDesk (Private) Limited,odoo@numdesk.com,3,2910
11230,LevelOps,odoo@obius.co,3,1318
11344,OneSolutions Klevia SA,odoo@onesolutions.io,3,3561
11382,Polimex Holding Ltd.,odoo@polimex.co,3,1271
11386,PrettyNeat Software,odoo@prettyneat.io,3,2676
11387,Primacy Infotech Private Limited,odoo@primacyinfotech.com,3,2244
11391,Pro Alliance,odoo@proalliance.sa,3,3307
11392,Process Control Technology SL,odoo@processcontrol.es,3,3466
11399,Projet Solutions,odoo@projetgrup.com,3,3665
11400,PromptTech Solutions,odoo@prompttechglobal.com,3,3728
11442,Rooteam,odoo@rooteam.net,3,3830
11454,Scalizer,odoo@scalizer.fr,3,1907
11484,SMART MS,odoo@smartmssa.com,3,2683
11511,Streamline Technology Ltd,odoo@streamline.com.ly,3,2606
11519,Syncoria,odoo@syncoria.com,3,1360
11523,SYS-Expert Technology,odoo@sys-expert.com,3,3655
11524,SYSMNT,odoo@sysmnt.com,3,3288
11636,شركة ترميز العربية لتقنية المعلومات,odoo@tarmez.sa,3,3279
11538,Techbot,odoo@techboterp.com,3,3708
11155,INFORMATICA SISTEMES I TECNOLOGIA DIGITAL SL,odoo@tecnihand.com,3,3474
11569,Transformation Pioneers,odoo@tp.rihal.om,3,2893
11600,VOXTRON MIDDLE EAST LLC,odoo@voxtronme.com,3,3713
11605,WAYAKNA,odoo@wayakna.com,3,2724
11615,Wininfo,odoo@wininfo.be,3,1125
11630,Zubbily Asia Limited,odoo@zubbily.com,3,2196
11074,Evozard Consulting Services Private Limited,odooapp.evozard@gmail.com,3,2241
10902,Blanco Martín & Asociados SpA,odoocl@bmya.cl,3,1408
10909,Brainvire Infotech Inc.,odoolead@brainvire.com,3,3709
10973,Cravit,office@cravit.nl,3,2838
11227,Layline Tech,office@laylinetech.com,3,2458
11435,Retama | Resilient Software Solutions,office@retama.co.il,3,2461
10800,ADFinance,olivier.mugabonake@adfinance.co,3,3236
11045,Elepe Servicios,openerp@elepeservicios.com.ar,3,871
11121,Hamilton Smart Engineering for Information Technology,operations@hst.jo,3,2519
11481,SMART ENTERPRISE RESOURCES PLANNING AFRICA (PRIVATE) LIMITED,operations@serpa.africa,3,4215
11003,Diginesis,ovidiu.matei@diginesis.com,3,3226
11291,Nativo Software SA,pablo.arroyo@nativo.la,3,1480
11111,GROWER ID SRL,pablot@growerid.com.ar,3,882
11461,SENDA TI SOLUTIONS SAC,pameri@sendatisolutions.com,3,3067
10812,Ahex Technologies Private Limited,parthshukla@ahex.co.in,3,2251
11254,Mastercore Sinapsys Global Argentina,partner@mastercore.us,3,868
11192,JUKE SOLUSI TEKNOLOGI,partnership@jukesolutions.com,3,2383
10976,CRITERIUM S.A.,pascual.aquino@criterium.com.py,3,3039
11452,SAS PURE ILLUSION,patrick@pure-illusion.com,3,1924
11514,Sudokeys,patrick@sudokeys.com,3,1902
11336,Odopro SAS,pbeltran@odooproerp.com,3,1458
11309,Niboo SRL,pde@niboo.com,3,1347
11070,Eureco,peter.celis@eureco.be,3,1118
10817,Akarigo Ltd,peters@akarigo.com,3,3802
11151,Industria Technology Ltd,petko.karamotchev@industria.tech,3,1269
11525,Systee s.r.o.,petr.vojta@systee.cz,3,1534
11015,dooIT BV,petra@dooit.nl,3,2833
11193,Kadima Group,phil@kadimagroup.ca,3,1296
10990,Dataroot Software Solutions,pollarit@dataroot.asia,3,3610
11347,OpenDrive Ltda,portiz@opendrive.cl,3,1407
10863,Ascend Commerce Company Limited,prathes.sae@ascendcorp.com,3,3615
11602,Walnut Software Solutions Qatar,qatar@walnutit.com,3,2562
10988,Dartodia,qutaiba.adnan@dartodia.com,3,2428
11495,Softserve Solutions (Pvt) Ltd.,rajithak@subtletechs.com,3,3523
11515,SunArc Technologies,rajneesh.vyas@sunarctechnologies.com,3,2257
11612,Wedoo,raju@wedoo.co.nz,3,2869
11433,Remote Resolution Method Consultoria S.L.,ramon.rodriguez@rrmconsultoria.es,3,3478
11426,RANMAN LABS,ranjan.mp@ranmanlabs.com,3,2260
11429,RAUL ALEJANDRO RODRIGUEZ LOPEZ,raul@raulalejandro.com.mx,3,2715
11421,QWY SOFTWARE PRIVATE LIMITED,reachus@qwysoft.com,3,2254
10899,BIZTRAS INFORMATION TECHNOLOGY SOLUTIONS L.L.C.,remiz@biztras.com,3,3721
11546,Technucom Inc,renato@technucom.com,3,1301
10998,DFW IT Partner LLC,reps@dfwitpartner.com,3,3828
11423,RADAX BUSINESS SOLUTION,rfalcon@radaxbs.com.mx,3,2717
11107,Global XS Technology Solutions,rizwan.bhatti@globalxs.co,3,2907
10844,Appalach - Groupe Brainstorming,rn@appalach.be,3,1112
11438,RG Ingenieros SA de CV,roberto.gracias@rgingenierossv.com,3,1863
11078,"Exelity, S.A. de C.V.",roberto.vega@exelitycorp.com,3,1864
10859,ARKODE HOLDING GROUP,rodrigo.yeo@arkode.io,3,2727
10794,Accurate Management System,roshan@accurates.com.sa,3,3281
10790,Abranik Software Technology,rozhgar.latif@abranik.com,3,2418
11556,THAVAS S.A.,rpadron@thavas.xyz,3,2993
10915,Business Analytics Consulting Group S.A. de C.V.,ruggero@bacgroup.net,3,2168
11360,Osisoftware,saad.ismaili@osisoftware.net,3,2805
10873,Atheer Global Solutions LLC,safeer@atheerit.com,3,2889
11588,Uruk Engineering Services Co. Ltd,saif.khalid@urukco.com,3,2422
11541,TECHMATIC SYSTEMS INDIA PRIVATE LIMITED,sailajab@techmaticsys.com,3,2255
11564,TODO LLC,sale@todo.ltd,3,3693
11594,VentorTech,sales-eu@ventor.tech,3,3164
11211,Klystron Global DMCC,sales.ae@klystronglobal.com,3,3725
11379,Plennix Technologies (UAE),sales.uae@plennix.com,3,2583
10820,Algorit Nicaragua,sales@algorit.dev,3,2873
10823,Alitec Pte Ltd,sales@alitec.sg,3,1325
10848,Appness LLC,sales@appness.net,3,2888
10856,Arkana Indonesia,sales@arkana.co.id,3,2367
10901,Blackware Technologies Inc.,sales@blackwaretech.com,3,1289
10911,Browseinfo,sales@browseinfo.co.in,3,2219
10928,Caret IT Solutions Pvt. Ltd.,sales@caretit.com,3,2222
10931,Centrics Business Solutions (Pvt) Ltd,sales@centrics.cloud,3,3518
10957,Computs Sdn Bhd,sales@computs.com.my,3,2642
11006,Digital Harbor,sales@digital-harbor.net,3,3264
11014,DMC Strategic IT,sales@dmcstrategicit.com,3,3833
11020,Dream Mountain Services,sales@dreammtn.services,3,3826
11025,"Dynamics Motion Co., Ltd.",sales@dynamics-motion.com,3,3614
11026,Dynapps,sales@dynapps.nl,3,2834
11033,EBTECH Technologies L.L.C,sales@ebtechco.com,3,3716
11035,Econostic,sales@econostic.net,3,2799
11060,Erp|open,sales@erpopen.nl,3,2840
11082,Extreme Vietnam,sales@extremevn.com.vn,3,4188
11085,FALAK Turnkey Solutions,Sales@Falak-Solutions.com,3,3535
11086,Fidobe Solutions LLC,sales@fidobe.com,3,3710
11095,Forge Solutions,sales@forge-solutions.com,3,3727
11106,Global Solutions,sales@globalsolutions.sa,3,3248
11177,iRODE TECHNOLOGY,sales@irodetech.com,3,2091
11225,LAVA | لافـــــــا الـتقنيــة,sales@lavatece.com,3,3274
11245,Machinser Group - Alafkar Almotlaqa,sales@machinser.com,3,3258
11317,Noptechs,sales@noptechs.com,3,3277
11323,OAKLAND - odooERP.ae,sales@odooerp.ae,3,3705
11358,Origami Solutions,sales@origami-iq.com,3,2421
11357,ORIGAMI SOFTWARE SAS,sales@origami-soft.com,3,1330
11370,Peerless  - KSA,sales@peerlesstec.com,3,3255
11368,PBSS SMB Solutions PVT Ltd,sales@perfectbss.com,3,3520
11385,Premium Tech,sales@ptech.sh,3,3252
11439,RIGHTECHS Solutions,sales@rightechs.net,3,1697
11455,schwarz. Digital Consulting GmbH,sales@schwarz-consulting.io,3,2031
11458,Select Solutions,sales@selectodoo.com,3,1752
11476,SingleClic,sales@singleclic.com,3,1750
11478,SiteSee Tech LLC FZ,sales@siteseetech.com,3,3720
11490,Sofatech,sales@sofatech.be,3,1351
11491,Softhealer Technologies Private Limited,sales@softhealer.com,3,2225
11501,Solvti sp. z o. o.,sales@solvti.com,3,3163
11512,STRING,sales@string.al,3,855
11513,Subteno,sales@subteno.com,3,1915
11535,Tatvamasi Labs,sales@tatvamasilabs.com,3,2234
11557,ThinkOpen Solutions (Portugal),sales@thinkopensolutions.pt,3,3176
11590,Variety IT,sales@varietyit.com,3,3265
11595,VEONE,sales@veone.net,3,1540
11601,WADIC,sales@wadic.net,3,3837
11617,Wiz Asia Sdn Bhd,sales@wiz.asia,3,2645
11628,"Zettatech Co., Ltd.",sales@zettatechmm.com,3,2821
10810,Agitech Brussels,sam@agitech.io,3,1114
11123,HASH Maldives,samah@hash.mv,3,2663
11130,High Systems Electromechanics LLC,samir@hisyst.com,3,3724
11322,Nybble Group,sebastian.piscicelli@nybblegroup.com,3,876
10887,Bankersrounding,service@bankersrounding.com,3,3590
11105,GLOBAL KREATIF INOVASI,setyo@kreatifodoo.com,3,2371
10840,"Aphid Consulting, Inc.",shane@aphidconsulting.ca,3,1286
11008,DIGITAL MANAGEMENT SOLUTIONS LLC,shirin.alijonova@dmspro.uz,3,4072
10950,CODEX FOR INFORMATION TECHNOLOGY NETWORK SERVICES CO,shiyas@codexitns.com,3,3717
11165,Inspire HUB Saudi,simon.mehanny@inspirehub.sa,3,3315
11551,Tekgenio,siva.prasad@solutionstreams.com,3,3829
10821,Al-Hakbani Information Technology,skaddumi@nutechits.com,3,3295
10861,Arrow Information Technology,smoro@arrowdt.com,3,3266
11191,Jordan Computer Trading Company,software@jocom.jo,3,2523
11638,杰思波信息技术（上海）有限公司,solutions@justprogroup.com,3,1432
11613,wedoo p.s.a.,sprzedaz@wedoo.biz,3,3166
11116,GSUS Star Software Solutions Private Limited,srikanth@gsusstar.com,3,2259
11352,OpsWay,start@opsway.com,3,3167
11365,PaperLess Solutions Limited,start@paperless360.com,3,2506
10991,Datenpol gmbh,stefan.wailand@datenpol.at,3,1334
11536,Taube Digital,stephane@taube-digital.com,3,3611
11237,Linserv AB (Norway),stephen.schmidt@linserv.se,3,2887
10920,BV Zeus IT,steve@zeusit.eu,3,1117
11013,Ditama Teknologi Indonesia,support@ditama.id,3,2385
11275,M Mobile Lab limited,support@mobile-lab.org,3,2505
11609,WEBKUL SOFTWARE PVT LTD,support@webkul.com,3,2231
10943,Cloudware NV,suzanne@cloudware.be,3,1131
11341,Omydoo,sylvain@omydoo.fr,3,1911
11537,TDS - Talents Digital Services,tds@tds-int.com,3,1710
11329,ODC,team-odoo@odc.fr,3,1919
10940,Cloud Lion,team@cloudliongroup.com,3,1363
11424,Radical Fanatics,team@fanatics.nl,3,2837
11606,"WaysIT Tech Global Solutions, SLL",tgimenez@waysit.es,3,3483
11279,Moses Consulting Ltd,thierry@moses-consulting.com,3,2687
10986,CYGNUS ONE (PVT) LTD,thisara@cygnusonesl.com,3,3521
11002,Digimedio BV,tony.crols@digimedio.be,3,1115
10908,Boostech LTDA,transformacion@boostechcr.com,3,1481
11303,Newway Solutions B.V.,tsuri@newway.nl,3,2839
10843,APNOS TETRA,ttelliez@tetra-up.com,3,1923
11401,PROPERTY HIVE TECHNOLOGIES CO. LLC.,umermirza_92@yahoo.com,3,3712
11308,NEXTGEN S.A.,vcandell@nextgen.ec,3,1640
11343,One Solution Consulting Limited,ved@oscl.mu,3,2686
10780,3MIT,ventas@3mit.net,3,4080
10818,"AK Digital Soluciones Integrales, S.A.",ventas@akdigitales.com,3,2874
10971,CORPOEUREKA - EUREKA SERVICES,ventas@corporacioneureka.com,3,4079
11007,Digital Information Strategy S.A. (Delfix),ventas@delfixcr.com,3,1474
11560,TICSTRATEGY S.A.S,ventas@doodes.co,3,877
11127,Hermec Consulting,ventas@hconsul.com,3,2992
11465,SICALEVI DE MEXICO,ventas@integritas.mx,3,2714
11184,IT Grupo,ventas@itgrupo.pe,3,3061
11215,Konos,ventas@konos.cl,3,1404
11288,Nanobytes Informática y Telecomunicaciones S.L.,ventas@nanobytes.es,3,3464
11479,SMART BYTE INNOVATION LAB,ventas@novucentral.com,3,2694
11363,OZ SOLUTIONS S.A.C.,ventas@oz-solutions.com,3,3065
11115,Grupo Powerbyte,ventas@powerbyte.com.ar,3,873
11383,Pragmatic,ventas@pragmatic.com.co,3,1445
11425,RAIL CONSULTING,ventas@rail.com.mx,3,2697
11444,RUBIXWARE,ventas@rubixware.com,3,2718
11498,SOLTEIN,ventas@soltein.mx,3,2702
11573,Triias Latam,ventas@triiaslatam.com,3,1482
11156,Ingeniu,ventes@ingeniusolutions.com,3,1287
11428,RATOCON GmbH,vertrieb@ratocon.de,3,2023
10910,Brantech Co.,vidi@brantech.co,3,1270
11460,Sendan Tech,vikram@sendantech.com,3,3313
11345,Online ERP Kft.,virag.levente@online-erp.hu,3,2212
10777,2ISOLUTIONS CONSULTING SERVICES PRIVATE LIMITED,virendra.rai@2isolutions.com,3,2256
11233,Linkfields Innovations Pvt Ltd.,vmyeligeti@linkfields.com,3,3448
10784,A1 Consulting JSC.,vn@a1consulting.asia,3,4185
11422,QZ Information Technology Consultants Co. L.L.C,wajid.zakir@qzinfomatics.com,3,3731
10824,Al Jawad Software House,wassim@al-jawad.ae,3,3703
11234,Linkia for IT and Advertising and PR,wch@linkia.qa,3,3205
11264,MicroSolutions Kuwait,webinfo@mskuwait.com,3,2565
11104,"Global Connect Asia Co.,Ltd",wintthu@global-connect.asia,3,2820
10927,CAPW Servicios Tecnicos,wpujols@capw.com.do,3,1571
11203,Kernet S.L.,yago@kernet.es,3,3480
11088,FINOUTSOURCE Sarl,yara.darwich@finoutsource.dz,3,860
10945,CODEC SRL,yasmany@codec.do,3,1570
11057,Era Group LTD. CO,yasser@era.net.sa,3,3263
11599,Visions Info Tech,yasser@sovisions.com,3,3275
11030,E3K SOLUTIONS INC,ysisla@e3k.co,3,1356
10898,Biztech Computer,zaffar@biztechbh.biz,3,1082
11333,Odolution Private Limited,zeeshan@odolution.com,3,2905
11627,Zero l Odoo Partner,zero.al@outlook.com,3,854
11305,Nexapp S.r.l.,zsimonetti@webeasytech.com,3,2477
